{
  "source": {
    "joint_order": [
      "index_1", "index_2", "index_3", "index_4",
      "middle_1", "middle_2", "middle_3", "middle_4",
      "ring_1", "ring_2", "ring_3", "ring_4",
      "little_1", "little_2", "little_3", "little_4",
      "thumb_1", "thumb_2", "thumb_3", "thumb_4"
    ],
    "joint_limits": {
      "thumb_1": [-0.8901179, 0.3839724],
      "thumb_2": [0.0, 3.1415927],
      "thumb_3": [-1.5707963, 1.5707963],
      "thumb_4": [-1.5707963, 1.5707963],
      "index_1": [-0.6108652, 0.4188790],
      "index_2": [0.0, 2.0071286],
      "index_3": [-1.5707963, 1.5707963],
      "index_4": [-1.5707963, 1.5707963],
      "middle_1": [-0.6108652, 0.6108652],
      "middle_2": [0.0, 1.9547686],
      "middle_3": [-1.5707963, 1.5707963],
      "middle_4": [-1.5707963, 1.5707963],
      "ring_1": [-0.4188790, 0.6108652],
      "ring_2": [0.0, 1.9024088],
      "ring_3": [-1.5707963, 1.5707963],
      "ring_4": [-1.5707963, 1.5707963],
      "little_1": [-1.0471976, 0.0174533],
      "little_2": [-0.6108652, 0.4188790],
      "little_3": [-1.5707963, 1.5707963],
      "little_4": [-1.5707963, 1.5707963]
    }
  },
  "target": {
    "joint_order": [
      "lj_dg_1_1", "lj_dg_1_2", "lj_dg_1_3", "lj_dg_1_4",
      "lj_dg_2_1", "lj_dg_2_2", "lj_dg_2_3", "lj_dg_2_4",
      "lj_dg_3_1", "lj_dg_3_2", "lj_dg_3_3", "lj_dg_3_4",
      "lj_dg_4_1", "lj_dg_4_2", "lj_dg_4_3", "lj_dg_4_4",
      "lj_dg_5_1", "lj_dg_5_2", "lj_dg_5_3", "lj_dg_5_4"
    ],
    "joint_limits": {
      "lj_dg_1_1": [-0.8901179, 0.3839724],
      "lj_dg_1_2": [0.0, 3.1415927],
      "lj_dg_1_3": [-1.5707963, 1.5707963],
      "lj_dg_1_4": [-1.5707963, 1.5707963],
      "lj_dg_2_1": [-0.6108652, 0.4188790],
      "lj_dg_2_2": [0.0, 2.0071286],
      "lj_dg_2_3": [-1.5707963, 1.5707963],
      "lj_dg_2_4": [-1.5707963, 1.5707963],
      "lj_dg_3_1": [-0.6108652, 0.6108652],
      "lj_dg_3_2": [0.0, 1.9547686],
      "lj_dg_3_3": [-1.5707963, 1.5707963],
      "lj_dg_3_4": [-1.5707963, 1.5707963],
      "lj_dg_4_1": [-0.4188790, 0.6108652],
      "lj_dg_4_2": [0.0, 1.9024088],
      "lj_dg_4_3": [-1.5707963, 1.5707963],
      "lj_dg_4_4": [-1.5707963, 1.5707963],
      "lj_dg_5_1": [-1.0471976, 0.0174533],
      "lj_dg_5_2": [-0.6108652, 0.4188790],
      "lj_dg_5_3": [-1.5707963, 1.5707963],
      "lj_dg_5_4": [-1.5707963, 1.5707963]
    },
    "map_source_to_target": {
      "thumb_1": "lj_dg_1_1",
      "thumb_2": "lj_dg_1_2",
      "thumb_3": "lj_dg_1_3",
      "thumb_4": "lj_dg_1_4",
      "index_1": "lj_dg_2_1",
      "index_2": "lj_dg_2_2",
      "index_3": "lj_dg_2_3",
      "index_4": "lj_dg_2_4",
      "middle_1": "lj_dg_3_1",
      "middle_2": "lj_dg_3_2",
      "middle_3": "lj_dg_3_3",
      "middle_4": "lj_dg_3_4",
      "ring_1": "lj_dg_4_1",
      "ring_2": "lj_dg_4_2",
      "ring_3": "lj_dg_4_3",
      "ring_4": "lj_dg_4_4",
      "little_1": "lj_dg_5_1",
      "little_2": "lj_dg_5_2",
      "little_3": "lj_dg_5_3",
      "little_4": "lj_dg_5_4"
    },
    "defaults": {
      "lj_dg_1_1": 0.0,
      "lj_dg_1_2": 1.571,
      "lj_dg_1_3": 0.0,
      "lj_dg_1_4": 0.0,
      "lj_dg_2_1": 0.0,
      "lj_dg_2_2": 0.0,
      "lj_dg_2_3": 0.0,
      "lj_dg_2_4": 0.0,
      "lj_dg_3_1": 0.0,
      "lj_dg_3_2": 0.0,
      "lj_dg_3_3": 0.0,
      "lj_dg_3_4": 0.0,
      "lj_dg_4_1": 0.0,
      "lj_dg_4_2": 0.0,
      "lj_dg_4_3": 0.0,
      "lj_dg_4_4": 0.0,
      "lj_dg_5_1": 0.0,
      "lj_dg_5_2": 0.0,
      "lj_dg_5_3": 0.0,
      "lj_dg_5_4": 0.0
    }
  },
  "v3_action": {
    "left_thumb_joint_order": [
      "lj_dg_1_1", "lj_dg_1_2", "lj_dg_1_3", "lj_dg_1_4",
      "lj_dg_5_1", "lj_dg_5_2", "lj_dg_5_3", "lj_dg_5_4"
    ],
    "left_thumb_offset": [0.0, 1.571, 0.0, 0.0, 0.0, 0.0, 0.0, 0.0],
    "left_thumb_scale": 0.786,
    "left_synergy_open": {
      "lj_dg_2_1": 0.0, "lj_dg_2_2": 0.0, "lj_dg_2_3": 0.0, "lj_dg_2_4": 0.0,
      "lj_dg_3_1": 0.0, "lj_dg_3_2": 0.0, "lj_dg_3_3": 0.0, "lj_dg_3_4": 0.0,
      "lj_dg_4_1": 0.0, "lj_dg_4_2": 0.0, "lj_dg_4_3": 0.0, "lj_dg_4_4": 0.0
    },
    "left_synergy_close": {
      "lj_dg_2_1": 0.0, "lj_dg_2_2": 0.5, "lj_dg_2_3": 0.8, "lj_dg_2_4": 1.0,
      "lj_dg_3_1": 0.0, "lj_dg_3_2": 0.5, "lj_dg_3_3": 0.8, "lj_dg_3_4": 1.0,
      "lj_dg_4_1": 0.0, "lj_dg_4_2": 0.5, "lj_dg_4_3": 0.8, "lj_dg_4_4": 1.0
    },
    "full_action_dim": 32,
    "left_arm_dim": 7,
    "left_hand_dim": 1,
    "left_thumb_dim": 8,
    "right_arm_dim": 7,
    "right_hand_default": -1.0,
    "right_thumb_dim": 8
  }
}
